corner,temp,resistor,supply,psr100,psr100k
ss_ll,0,18,2.3,error,error
ss_ll,0,180,2.3,error,error
ss_ll,0,36000.0,2.3,-5.83452600e+01,-2.84839100e+01
ss_ll,85,18,2.1,-4.07305200e+01,-1.48083200e+01
ss_ll,85,180,2.1,-4.60913800e+01,-2.60576900e+01
ss_ll,85,36000.0,2.1,-4.63641200e+01,-2.64375200e+01
ss_ll,27,18,2.1,-5.26277600e+01,-1.79242100e+01
ss_ll,27,180,2.1,-6.41632300e+01,-2.73818900e+01
ss_ll,27,36000.0,2.1,-6.59836900e+01,-2.77484800e+01
ss_ll,0,18,2.1,-7.92891600e+01,-1.93074600e+01
ss_ll,0,180,2.1,error,error
ss_tt,85,18,2.5,-5.30892600e+01,-2.40673000e+01
ss_tt,85,180,2.5,error,error
ss_tt,85,36000.0,2.5,-5.38118600e+01,-2.53195000e+01
ss_tt,27,18,2.5,-8.01506800e+01,-2.54521100e+01
ss_tt,27,180,2.5,error,error
ss_tt,27,36000.0,2.5,-8.32526200e+01,-2.65819000e+01
ss_tt,0,18,2.5,-6.15607500e+01,-2.61134200e+01
ss_tt,0,180,2.5,-6.07684100e+01,-2.70981100e+01
ss_tt,0,36000.0,2.5,-6.04589800e+01,-2.71885200e+01
ss_tt,85,18,2.3,-4.97198100e+01,-2.21160400e+01
ss_tt,85,180,2.3,error,error
ss_tt,85,36000.0,2.3,-5.08203100e+01,-2.52402500e+01
ss_hh,85,18,2.5,-5.33913300e+01,-2.28415300e+01
ss_hh,85,180,2.5,-5.38853500e+01,-2.39838000e+01
ss_hh,85,36000.0,2.5,-5.41097600e+01,-2.40678200e+01
ss_hh,27,18,2.5,-8.05308400e+01,-2.42074700e+01
ss_hh,27,180,2.5,-8.46501600e+01,-2.52333400e+01
ss_hh,27,36000.0,2.5,-8.20006700e+01,-2.53207400e+01
ss_hh,0,18,2.5,error,error
ss_hh,0,180,2.5,-2.37744100e+01,-2.37744100e+01
ss_hh,0,36000.0,2.5,-6.05560000e+01,-2.59241900e+01
ss_hh,85,18,2.3,-5.00781500e+01,-2.09880600e+01
ss_hh,85,180,2.3,-5.09243100e+01,-2.38518000e+01
ss_hh,85,36000.0,2.3,-5.11692800e+01,-2.39927900e+01
ss_hh,27,18,2.3,-7.16205200e+01,-2.29107700e+01
ss_hh,27,180,2.3,-8.14931500e+01,-2.50996500e+01
ss_hh,27,36000.0,2.3,-8.52448200e+01,-2.52522300e+01
ss_hh,0,18,2.3,-6.01819500e+01,-2.37000600e+01
ss_hh,0,180,2.3,error,error
ss_hh,0,36000.0,2.3,error,error
ss_hh,85,18,2.1,-4.25601600e+01,-1.30620100e+01
tt,0,36000.0,2.1,error,error
ss_hh,85,180,2.1,-4.69803500e+01,-2.35170800e+01
ss_hh,85,36000.0,2.1,-4.72588700e+01,-2.38652300e+01
ss_hh,27,18,2.1,-5.43336000e+01,-1.57982500e+01
ss_hh,27,180,2.1,-6.66784100e+01,-2.47879400e+01
ss_hh,27,36000.0,2.1,-6.90084300e+01,-2.51343700e+01
sf_hh,0,18,2.3,-3.41256800e+01,-8.33747000e+00
sf_lh,85,18,2.3,-5.06778200e+01,-2.21419400e+01
ss_hh,0,18,2.1,-7.23180300e+01,-1.70782200e+01
ss_lh,85,18,2.1,-4.07294900e+01,-1.28094700e+01
fs_lh,85,180,2.1,-2.18753400e+01,-3.21282500e+01
ff_ll,85,18,2.3,-5.23985400e+01,-2.54631700e+01
tt_hh,27,18,2.5,error,error
tt_hl,0,18,2.1,error,error
sf_lh,85,180,2.3,-5.19134800e+01,-2.50804600e+01
ss_hh,0,180,2.1,error,error
ss_lh,85,180,2.1,error,error
fs_ll,85,180,2.5,-2.14682000e+01,-3.14595400e+01
ff_ll,85,180,2.3,error,error
tt_hh,27,180,2.5,-7.58661800e+01,-2.55936200e+01
tt_hl,0,180,2.1,error,error
sf_hh,0,180,2.3,-3.40999500e+01,-3.53418400e+00
sf_hh,0,36000.0,2.3,-3.40842100e+01,-2.88419200e+00
sf_lh,85,36000.0,2.3,-5.22770300e+01,-2.52350900e+01
ss_hh,0,36000.0,2.1,3.38015700e-04,3.35987500e-04
ss_lh,85,36000.0,2.1,-4.63639000e+01,-2.43067000e+01
fs_ll,85,36000.0,2.5,-1.88802000e+01,-2.28602700e+01
tt_hh,27,36000.0,2.5,-7.43394000e+01,-2.56590900e+01
tt_hl,0,36000.0,2.1,-6.33997600e+01,-2.84562200e+01
sf_hh,85,18,2.1,-4.23770600e+01,-1.41138100e+01
ff_ll,0,36000.0,2.5,2.51816000e+01,2.51767000e+01
sf_lh,27,18,2.3,-7.53688600e+01,-2.41101200e+01
ss_hl,85,18,2.5,-5.33932400e+01,-2.49725400e+01
ss_lh,27,18,2.1,-5.26198900e+01,-1.58787900e+01
fs_ll,27,18,2.5,-8.71986000e+01,-2.74213900e+01
ff_ll,27,18,2.3,-7.34848800e+01,-2.69605800e+01
tt_hh,0,18,2.5,-6.06036400e+01,-2.53668300e+01
tt_lh,85,18,2.5,-5.41922200e+01,-2.38943700e+01
sf_hh,85,180,2.1,-4.83627800e+01,-2.42847900e+01
sf_lh,27,180,2.3,-7.89401000e+01,-2.62243900e+01
ss_hl,85,180,2.5,-5.38870000e+01,-2.61277400e+01
ss_lh,27,180,2.1,-6.41510800e+01,-2.52393800e+01
fs_ll,85,18,2.5,-3.47257400e+01,-4.61991400e+01
ff_ll,27,180,2.3,-6.98357500e+01,-2.84367500e+01
tt_hh,85,180,2.5,error,error
tt_lh,85,180,2.5,-5.46675300e+01,-2.48871500e+01
sf_hh,85,36000.0,2.1,-4.88006000e+01,-2.46240500e+01
sf_lh,27,36000.0,2.3,-7.44998900e+01,-2.63745300e+01
ss_hl,85,36000.0,2.5,-5.41114700e+01,-2.62136800e+01
ss_lh,27,36000.0,2.1,-6.59653500e+01,-2.56003800e+01
fs_ll,27,36000.0,2.5,-7.90945700e+01,-2.78397900e+01
ff_ll,27,36000.0,2.3,-6.86421400e+01,-2.85348200e+01
tt_hh,0,36000.0,2.5,-6.33910700e+01,-2.63018100e+01
tt_lh,85,36000.0,2.5,-8.30518400e+01,-2.51725000e+01
sf_hh,27,18,2.1,-5.33109400e+01,-1.69526700e+01
sf_lh,0,18,2.3,-3.39667400e+01,-9.10046700e+00
ss_hl,27,18,2.5,-8.13209800e+01,-2.63405700e+01
ss_lh,0,18,2.1,-7.72113700e+01,-1.72493200e+01
fs_ll,27,180,2.5,-4.95130400e-01,-4.93547900e-01
ff_ll,0,18,2.3,-5.73217300e+01,-2.76507600e+01
tt_hh,85,18,2.3,-5.17613000e+01,-2.21393300e+01
tt_lh,27,18,2.5,-8.01496300e+01,-2.52121700e+01
sf_hh,27,180,2.1,-7.03440000e+01,-2.54343800e+01
sf_lh,0,180,2.3,error,error
ss_hl,27,180,2.5,-8.64557500e+01,-2.73783100e+01
ss_lh,0,180,2.1,error,error
fs_ll,0,180,2.5,error,error
ff_ll,0,180,2.3,-5.67330200e+01,-2.90113800e+01
tt_hh,85,180,2.3,error,error
tt_lh,27,180,2.5,-7.56774200e+01,-2.60870700e+01
sf_hh,27,36000.0,2.1,-7.59411900e+01,-2.57599000e+01
sf_lh,0,36000.0,2.3,error,error
ss_hl,27,36000.0,2.5,-8.28685500e+01,-2.74673000e+01
ss_lh,0,36000.0,2.1,error,error
fs_ll,0,36000.0,2.5,-5.99749200e+01,-2.84698200e+01
ff_ll,0,36000.0,2.3,-5.64900900e+01,-2.91099300e+01
tt_hh,0,180,2.5,-6.00611100e+01,-2.61783300e+01
tt_lh,27,36000.0,2.5,-7.40854400e+01,-2.61540000e+01
sf_hh,0,18,2.1,-1.30958500e+01,-1.18306800e+01
sf_lh,85,18,2.1,-4.01947800e+01,-1.38364200e+01
ss_hl,0,18,2.5,error,error
ss_ll,85,18,2.5,-5.27591000e+01,-2.53911900e+01
fs_ll,85,18,2.3,-3.47257400e+01,-4.61991400e+01
ff_ll,85,18,2.1,-4.77500100e+01,-1.92312800e+01
tt_hh,27,18,2.3,error,error
tt_hl,27,36000.0,2.1,-7.37198400e+01,-2.76561300e+01
sf_hh,0,180,2.1,-3.14724000e+01,-4.91937600e+00
sf_lh,85,180,2.1,-4.75746100e+01,-2.47374900e+01
ss_hl,0,180,2.5,error,error
ss_ll,85,180,2.5,-5.32622000e+01,-2.65842000e+01
fs_ll,0,18,2.5,-6.05840400e+01,-2.75985900e+01
ff_ll,85,180,2.1,error,error
tt_hh,27,180,2.3,-7.43087900e+01,-2.54794000e+01
tt_lh,0,180,2.5,2.20507800e+01,2.20507800e+01
sf_hh,0,36000.0,2.1,-1.31006400e+01,-4.57283300e+00
sf_lh,85,36000.0,2.1,-4.80120400e+01,-2.51028600e+01
ss_hl,0,36000.0,2.5,-6.05609200e+01,-2.80686900e+01
ss_ll,85,36000.0,2.5,-5.34849700e+01,-2.66726500e+01
fs_ll,85,36000.0,2.3,-1.88802000e+01,-2.28602700e+01
ff_ll,85,36000.0,2.3,-5.32689600e+01,-2.73720000e+01
tt_hh,27,36000.0,2.3,-7.23083300e+01,-2.55990600e+01
tt_lh,0,36000.0,2.5,error,error
sf_hl,85,18,2.5,-5.47401100e+01,-2.57429300e+01
sf_lh,27,18,2.1,-5.15374400e+01,-1.70646500e+01
ss_hl,85,18,2.3,-5.00795100e+01,-2.30993100e+01
ss_ll,27,18,2.5,-7.94302100e+01,-2.67973600e+01
fs_ll,27,18,2.3,-8.71986000e+01,-2.74213900e+01
ff_ll,27,18,2.1,-7.92540400e+01,-2.20085400e+01
tt_hh,0,18,2.3,-5.83486400e+01,-2.44770000e+01
tt_lh,85,18,2.3,-5.11584100e+01,-2.24539600e+01
sf_hl,85,180,2.5,-5.54697300e+01,-2.68567500e+01
sf_lh,27,180,2.1,-6.73970700e+01,-2.59143900e+01
ss_hl,85,180,2.3,-5.09251800e+01,-2.59921600e+01
ss_ll,27,180,2.5,-8.78573200e+01,-2.78551500e+01
fs_ll,27,180,2.3,-7.83121700e+01,-2.76673100e+01
ff_ll,85,36000.0,2.1,-4.99137800e+01,-2.72562600e+01
tt_hh,0,180,2.3,-5.75376600e+01,-2.60642700e+01
tt_lh,0,18,2.5,-6.03019900e+01,-2.58557800e+01
sf_hl,85,36000.0,2.5,-5.57705800e+01,-2.69477200e+01
sf_lh,27,36000.0,2.1,-7.14117900e+01,-2.62519300e+01
ss_hl,85,36000.0,2.3,-5.11701700e+01,-2.61359500e+01
ss_ll,27,36000.0,2.5,-8.49004200e+01,-2.79459900e+01
fs_ll,27,36000.0,2.3,-7.59373300e+01,-2.77717400e+01
ff_ll,27,36000.0,2.1,-6.64857700e+01,-2.84370100e+01
tt_hh,0,36000.0,2.3,-6.33910700e+01,-2.63018100e+01
tt_lh,85,36000.0,2.3,-8.30518400e+01,-2.51725000e+01
sf_hl,27,18,2.5,-8.37986100e+01,-2.70233600e+01
sf_lh,0,18,2.1,-6.73749500e+01,-1.84915400e+01
ss_hl,27,18,2.3,-7.17469300e+01,-2.50314400e+01
ss_ll,0,18,2.5,-6.14849900e+01,-2.74644200e+01
fs_ll,85,180,2.3,-2.14682000e+01,-3.14595400e+01
ff_ll,27,180,2.1,-6.81617200e+01,-2.82009600e+01
tt_hh,85,18,2.1,-4.64888500e+01,-1.53041000e+01
tt_lh,85,180,2.3,-5.18797800e+01,-2.47586700e+01
sf_hl,27,180,2.5,-7.58653900e+01,-2.79858400e+01
sf_lh,0,180,2.1,error,error
ss_hl,27,180,2.3,-8.23000300e+01,-2.72447000e+01
ss_ll,0,180,2.5,-6.06770800e+01,-2.84637700e+01
fs_ll,0,180,2.3,-5.74221600e+01,-2.82940300e+01
ff_ll,0,180,2.1,-9.14140800e+00,-3.45220700e+00
tt_hh,85,180,2.1,error,error
tt_lh,27,180,2.3,-7.45652400e+01,-2.59671200e+01
sf_hl,27,36000.0,2.5,-7.37763500e+01,-2.80733300e+01
sf_lh,0,36000.0,2.1,error,error
ss_hl,27,36000.0,2.3,-8.73807500e+01,-2.73996700e+01
ss_ll,0,36000.0,2.5,-6.03631300e+01,-2.85557600e+01
fs_ll,0,36000.0,2.3,-5.72015200e+01,-2.84020800e+01
ff_ll,0,36000.0,2.1,-9.13024100e+00,-2.95168200e+00
tt_hh,85,36000.0,2.1,-4.91888200e+01,-2.42930200e+01
tt_lh,27,36000.0,2.3,-7.23978000e+01,-2.60896400e+01
sf_hl,0,18,2.5,-6.10371700e+01,-2.76578000e+01
sf_ll,85,18,2.5,-5.42542500e+01,-2.62012000e+01
ss_hl,0,18,2.3,-6.01894200e+01,-2.58219000e+01
ss_ll,85,18,2.3,-4.93280400e+01,-2.33285800e+01
fs_ll,85,18,2.1,-3.47257400e+01,-4.61991400e+01
ff_tt,85,18,2.5,-5.53936600e+01,-2.51638000e+01
tt_hh,27,18,2.1,error,error
tt_lh,0,18,2.3,-5.80957200e+01,-2.49319800e+01
sf_hl,0,180,2.5,-1.62399700e+01,-1.06358500e+01
sf_ll,85,180,2.5,-5.49991500e+01,-2.73514600e+01
ss_hl,0,180,2.3,error,error
ss_ll,85,180,2.3,-5.01960800e+01,-2.64370600e+01
fs_ll,85,180,2.1,-2.14682000e+01,-3.14595400e+01
ff_tt,85,180,2.5,-5.87645500e+01,-2.60931700e+01
tt_hh,85,36000.0,2.3,-5.27006600e+01,-2.44058400e+01
tt_lh,0,180,2.3,-5.72596100e+01,-2.65588200e+01
sf_hl,0,36000.0,2.5,-1.62182800e+01,-1.00867400e+01
sf_ll,85,36000.0,2.5,-5.53122700e+01,-2.74439900e+01
ss_hl,0,36000.0,2.3,error,error
ss_ll,85,36000.0,2.3,-5.04384600e+01,-2.65878000e+01
fs_ll,0,18,2.3,-5.79773700e+01,-2.67352300e+01
ff_tt,85,36000.0,2.5,-5.60511000e+01,-2.60523900e+01
tt_hh,27,36000.0,2.1,-7.36083400e+01,-2.54952100e+01
tt_lh,0,36000.0,2.3,-5.69662100e+01,-2.66823400e+01
sf_hl,85,18,2.3,-5.13189400e+01,-2.39797800e+01
sf_ll,27,18,2.5,-8.41421800e+01,-2.75111900e+01
ss_hl,85,18,2.1,-4.25616600e+01,-1.50701700e+01
ss_ll,27,18,2.3,-6.95731800e+01,-2.53976900e+01
fs_ll,27,18,2.1,-8.71986000e+01,-2.74213900e+01
ff_tt,27,18,2.5,error,error
tt_hh,0,18,2.1,error,error
tt_lh,27,18,2.3,-8.32619900e+01,-2.41799500e+01
sf_hl,85,180,2.3,-5.24994800e+01,-2.67252900e+01
sf_ll,27,180,2.5,-7.56031700e+01,-2.84899500e+01
ss_hl,85,180,2.1,-4.69807300e+01,-2.56483600e+01
ss_ll,27,180,2.3,-7.82972000e+01,-2.77147500e+01
fs_ll,27,180,2.1,-7.84985600e+01,-2.73967000e+01
ff_tt,27,180,2.5,-7.29962100e+01,-2.71527500e+01
tt_hh,27,180,2.1,-7.82188000e+01,-2.52153200e+01
tt_lh,85,180,2.1,-4.81871200e+01,-2.44582000e+01
sf_hl,85,36000.0,2.3,-5.28544300e+01,-2.68783900e+01
sf_ll,27,36000.0,2.5,-7.34494500e+01,-2.85789200e+01
ss_hl,85,36000.0,2.1,-4.72592400e+01,-2.60015100e+01
ss_ll,27,36000.0,2.3,-8.37327800e+01,-2.78732800e+01
fs_ll,27,36000.0,2.1,-7.47218000e+01,-2.76609600e+01
ff_tt,27,36000.0,2.5,-7.19284100e+01,-2.72022500e+01
tt_hh,0,36000.0,2.1,-6.33910700e+01,-2.63018100e+01
tt_lh,85,36000.0,2.1,-8.30518400e+01,-2.51725000e+01
ss_tt,27,18,2.3,-7.08082100e+01,-2.41207900e+01
ff_hl,0,18,2.3,-5.76717700e+01,-2.71732300e+01
tt_ll,0,180,2.3,error,error
ss_tt,27,180,2.3,error,error
ff_hl,0,180,2.3,error,error
tt_ll,85,180,2.1,-1.25476600e+02,-6.78332500e+01
tt_ll,0,36000.0,2.3,-5.69679000e+01,-2.88362600e+01
ss_tt,27,36000.0,2.3,-8.54493300e+01,-2.65113200e+01
ff_hl,0,36000.0,2.3,error,error
tt_ll,85,36000.0,2.1,-4.84828300e+01,-2.69075400e+01
tt_ll,85,18,2.1,-4.55310800e+01,-1.72074400e+01
ss_tt,0,18,2.3,-6.01803700e+01,-2.49224800e+01
ff_hl,0,180,2.5,-5.98278600e+01,-2.86058200e+01
tt_ll,27,18,2.1,-6.28915600e+01,-2.01440900e+01
ss_tt,0,180,2.3,-5.87814600e+01,-2.69610100e+01
ff_hl,85,180,2.1,-5.89090600e+01,-2.69809800e+01
tt_ll,27,180,2.1,-8.23557100e+01,-2.78462300e+01
ss_tt,0,36000.0,2.3,3.98046000e+00,-3.66024100e+00
ff_hl,85,36000.0,2.1,-5.04752600e+01,-2.67751900e+01
tt_ll,27,36000.0,2.1,-7.55510800e+01,-2.81384700e+01
ss_tt,85,18,2.1,-4.17246200e+01,-1.39099000e+01
ff_hl,27,18,2.1,-8.10530300e+01,-2.18219300e+01
tt_ll,0,18,2.1,-5.84369800e+01,-2.14797200e+01
ss_tt,85,180,2.1,error,error
ff_hl,27,180,2.1,-6.83286800e+01,-2.77120400e+01
tt_ll,0,180,2.1,error,error
ss_tt,85,36000.0,2.1,-4.68313600e+01,-2.51033200e+01
ff_hl,27,36000.0,2.1,-6.67194200e+01,-2.79418200e+01
tt_ll,0,36000.0,2.1,error,error
ss_tt,27,18,2.1,-5.35148600e+01,-1.68210200e+01
ff_hl,85,18,2.1,-4.84738400e+01,-1.93205500e+01
tt,85,18,2.5,-5.44514600e+01,-2.46902100e+01
ss_tt,27,180,2.1,error,error
ff_hl,0,180,2.1,error,error
tt,85,180,2.5,error,error
ss_tt,27,36000.0,2.1,-6.75103300e+01,-2.63902600e+01
ff_hl,0,36000.0,2.1,error,error
tt,85,36000.0,2.5,-5.51576300e+01,-2.57391000e+01
ss_tt,0,18,2.1,-1.46053300e+02,-8.65748600e+01
ff_lh,85,18,2.5,-5.51879400e+01,-2.43735800e+01
tt,27,18,2.5,-8.03748600e+01,-2.59935400e+01
ss_tt,0,180,2.1,-5.79453200e+01,-2.66389900e+01
ff_hl,0,18,2.1,-5.57681900e+01,-2.29804600e+01
tt,27,180,2.5,-7.58470600e+01,-2.68656500e+01
tt,27,36000.0,2.5,-7.42626600e+01,-2.69324400e+01
ss_tt,0,36000.0,2.1,error,error
ff_lh,85,36000.0,2.5,-5.58520700e+01,-2.52695400e+01
fs_hh,85,18,2.5,-5.40877400e+01,-2.29605000e+01
ff_lh,85,180,2.5,-5.56141300e+01,-2.52202300e+01
tt,0,18,2.5,-6.04578400e+01,-2.66310200e+01
fs_hh,85,180,2.5,-5.43958600e+01,-2.38260200e+01
ff_lh,27,180,2.5,-7.26354100e+01,-2.63758500e+01
tt,0,180,2.5,-5.99104100e+01,-2.74523600e+01
fs_hh,85,36000.0,2.5,-5.45644400e+01,-2.38716400e+01
ff_lh,27,36000.0,2.5,-7.15804500e+01,-2.64254600e+01
tt,0,36000.0,2.5,-5.96633500e+01,-2.75199200e+01
fs_hh,27,18,2.5,-8.29868600e+01,-2.43257800e+01
ff_lh,0,18,2.5,-5.98821800e+01,-2.62463600e+01
tt,85,18,2.3,-5.14744100e+01,-2.33151400e+01
fs_hh,27,180,2.5,-8.01877400e+01,-2.51412700e+01
ff_lh,27,18,2.5,-7.50884700e+01,-2.56238600e+01
tt,85,180,2.3,error,error
tt,85,36000.0,2.3,-5.24281500e+01,-2.56698200e+01
fs_hh,27,36000.0,2.5,-7.83951800e+01,-2.51908600e+01
ff_lh,0,36000.0,2.5,error,error
fs_hh,0,18,2.5,-6.08430700e+01,-2.49712400e+01
ff_lh,85,18,2.3,-5.23972700e+01,-2.33212700e+01
tt,27,18,2.3,-8.33163500e+01,-2.49825300e+01
fs_hh,0,180,2.5,error,error
ff_lh,0,180,2.5,error,error
fs_hh,0,36000.0,2.5,-6.02444400e+01,-2.58152400e+01
ff_lh,85,36000.0,2.3,-5.32679800e+01,-2.52051700e+01
sf_tt,27,18,2.5,-8.33732000e+01,-2.61542200e+01
fs_hl,0,18,2.5,-6.08496600e+01,-2.71305800e+01
fs_tt,27,18,2.1,-7.79395000e+01,-7.82809300e+01
sf_tt,27,180,2.5,-7.56481400e+01,-2.71187500e+01
fs_hl,0,180,2.5,-1.26573000e+02,-6.75200500e+01
fs_tt,27,180,2.1,-8.58462800e+01,-2.65096200e+01
sf_tt,27,36000.0,2.5,-7.35595700e+01,-2.72062000e+01
fs_hl,0,36000.0,2.5,-6.02491800e+01,-2.79869400e+01
fs_tt,27,36000.0,2.1,-7.38060100e+01,-2.62860500e+01
sf_tt,0,18,2.5,-3.60903300e+01,-8.07180200e+00
fs_hl,27,18,2.5,-8.44632000e+01,-2.64879200e+01
fs_tt,0,18,2.1,-5.60954500e+01,-2.05034600e+01
sf_tt,0,180,2.5,-3.60689000e+01,-4.16198200e+00
fs_hl,85,180,2.3,-5.18441200e+01,-2.58802400e+01
fs_tt,0,180,2.1,-5.44962300e+01,-2.66497000e+01
sf_tt,0,36000.0,2.5,-3.60552300e+01,-3.69120200e+00
fs_hl,85,36000.0,2.3,-5.20284300e+01,-2.59759900e+01
fs_tt,0,36000.0,2.1,-5.42388600e+01,-2.69105900e+01
sf_tt,85,18,2.3,-5.10134900e+01,-2.30172400e+01
fs_hl,27,18,2.3,-8.40839700e+01,-2.56018700e+01
fs_tt,0,180,2.3,-5.75512000e+01,-2.69181200e+01
sf_tt,85,180,2.3,-5.22203600e+01,-2.58517500e+01
fs_hl,27,180,2.3,-7.73738000e+01,-2.72009100e+01
ff_hh,85,180,2.5,error,error
sf_tt,85,36000.0,2.3,-5.25798900e+01,-2.60053500e+01
fs_hl,27,36000.0,2.3,-7.53171400e+01,-2.73024500e+01
ff_hh,85,36000.0,2.5,-5.62287800e+01,-2.47722900e+01
sf_tt,27,18,2.3,-7.64383300e+01,-2.49079700e+01
fs_hl,0,18,2.3,-4.81387100e-01,-4.81236200e-01
ff_hh,27,18,2.5,-7.57461500e+01,-2.51297100e+01
sf_tt,27,180,2.3,-7.84673400e+01,-2.69917000e+01
fs_hl,0,180,2.3,-1.26573000e+02,-6.75200500e+01
ff_hh,27,180,2.5,-7.32697400e+01,-2.58703500e+01
sf_tt,27,36000.0,2.3,-7.42673900e+01,-2.71411800e+01
fs_hl,0,36000.0,2.3,-5.74634900e+01,-2.79240200e+01
ff_hh,85,18,2.5,-5.55777400e+01,-2.39014800e+01
sf_tt,0,18,2.3,-3.40537900e+01,-9.32500500e+00
fs_hl,85,18,2.1,-4.72270500e+01,-1.78549300e+01
ff_hh,0,18,2.5,-6.02461800e+01,-2.57435900e+01
sf_tt,0,180,2.3,-3.40280000e+01,-4.97369400e+00
fs_hl,85,180,2.1,-4.86066300e+01,-2.56111300e+01
ff_hh,27,36000.0,2.5,-7.22080000e+01,-2.59187800e+01
sf_tt,0,36000.0,2.3,-3.40121300e+01,-4.44794800e+00
fs_hl,85,18,2.3,-5.14401200e+01,-2.40539600e+01
ff_hh,0,36000.0,2.5,-5.96094100e+01,-2.64930400e+01
sf_tt,85,18,2.1,-4.13927600e+01,-1.49584600e+01
fs_hl,27,18,2.1,-7.18470600e+01,-2.03527500e+01
ff_hh,85,18,2.3,-5.28727900e+01,-2.29379700e+01
sf_tt,85,180,2.1,-4.79884100e+01,-2.55233400e+01
fs_hl,27,180,2.1,error,error
ff_hh,85,180,2.3,error,error
sf_tt,85,36000.0,2.1,-4.84262600e+01,-2.58769800e+01
fs_hl,27,36000.0,2.1,-7.32472600e+01,-2.71967700e+01
ff_hh,85,36000.0,2.3,-5.37196200e+01,-2.47124600e+01
sf_tt,27,18,2.1,-5.24653300e+01,-1.79931100e+01
fs_hl,85,36000.0,2.1,-4.88300000e+01,-2.58506500e+01
ff_hh,27,18,2.3,-7.37844900e+01,-2.43542600e+01
sf_tt,27,180,2.1,-6.89108500e+01,-2.66909200e+01
ff_hh,0,180,2.5,-5.98241400e+01,-2.64436100e+01
fs_hl,0,180,2.1,-1.26573000e+02,-6.75200500e+01
sf_tt,27,36000.0,2.1,-7.36866900e+01,-2.70241500e+01
fs_hl,0,36000.0,2.1,2.33695300e+01,2.33658100e+01
ff_hh,27,36000.0,2.3,-6.90993900e+01,-2.58644800e+01
fs_hl,0,18,2.1,-5.61611000e+01,-2.14997200e+01
ff_hh,0,18,2.3,error,error
sf_tt,0,18,2.1,-1.30981000e+01,-1.18664100e+01
fs_lh,85,180,2.5,-2.18753400e+01,-3.21282500e+01
ff_hh,0,180,2.3,error,error
sf_tt,0,180,2.1,-3.13728700e+01,-6.43645200e+00
fs_lh,85,18,2.5,-3.50571600e+01,-4.65517300e+01
ff_hh,0,36000.0,2.3,-5.68485100e+01,-2.64395600e+01
sf_tt,0,36000.0,2.1,-3.13543900e+01,-5.80300100e+00
ff_tt,0,18,2.5,-6.00704400e+01,-2.70188400e+01
tt,27,180,2.3,-7.44675700e+01,-2.67488700e+01
ff_tt,0,180,2.5,error,error
tt,0,180,2.3,-5.74013400e+01,-2.73358400e+01
tt,27,36000.0,2.3,-7.23669700e+01,-2.68708400e+01
ff_tt,0,36000.0,2.5,error,error
tt,0,36000.0,2.3,-5.71106800e+01,-2.74589400e+01
tt,0,18,2.3,2.31147800e-01,2.30654400e-01
tt,85,18,2.1,-4.60361400e+01,-1.62225900e+01
ff_tt,85,18,2.3,-5.26473000e+01,-2.41532100e+01
tt,85,180,2.1,error,error
ff_tt,85,180,2.3,-5.87645500e+01,-2.60931700e+01
tt,85,36000.0,2.1,-4.88523900e+01,-2.55501800e+01
ff_tt,85,36000.0,2.3,-5.35054700e+01,-2.59898000e+01
tt,27,18,2.1,-6.37849000e+01,-1.89974800e+01
ff_tt,27,18,2.3,error,error
tt,27,180,2.1,-7.98464900e+01,-2.64804700e+01
ff_tt,27,180,2.3,-7.00590500e+01,-2.70506300e+01
tt,27,36000.0,2.1,-7.44208700e+01,-2.67646000e+01
ff_tt,27,36000.0,2.3,-6.88687200e+01,-2.71466500e+01
tt,0,18,2.1,3.89677900e-01,3.88816300e-01
ff_tt,0,18,2.3,-5.74988100e+01,-2.62880700e+01
ff_tt,0,180,2.3,-5.69153000e+01,-2.76251700e+01
ff_tt,0,36000.0,2.3,-5.66732900e+01,-2.77220800e+01
ff_ll,0,18,2.1,-9.08342600e+00,-5.76399700e+00
ff_tt,85,180,2.1,-5.87645500e+01,-2.60931700e+01
ff_tt,85,18,2.1,-4.81291500e+01,-1.82019200e+01
ff_tt,27,18,2.1,error,error
ff_tt,27,180,2.1,-6.82178900e+01,-2.68211200e+01
ff_tt,27,36000.0,2.1,-6.65838500e+01,-2.70505800e+01
ff_tt,85,36000.0,2.1,-5.02076700e+01,-2.58812800e+01
ff_tt,0,180,2.1,error,error
ff_tt,0,18,2.1,error,error
tt_hh,85,18,2.5,-5.46850400e+01,-2.34438400e+01
ff_tt,0,36000.0,2.1,error,error
tt_hh,85,36000.0,2.5,-5.53872100e+01,-2.44717900e+01
tt_hl,85,18,2.5,-5.46872900e+01,-2.55880400e+01
sf_ll,0,18,2.5,-3.60576400e+01,-9.09604700e+00
ff_lh,27,18,2.3,-7.33617100e+01,-2.48139200e+01
fs_ll,0,18,2.1,-5.60459600e+01,-2.16955100e+01
sf_hl,27,18,2.3,-7.74473000e+01,-2.58027200e+01
ss_hl,27,18,2.1,-5.43455800e+01,-1.78455900e+01
fs_lh,27,18,2.5,-8.38807600e+01,-2.47828100e+01
sf_hl,27,180,2.3,-7.81507400e+01,-2.78618300e+01
sf_ll,0,180,2.5,error,error
ss_hl,27,180,2.1,-6.67045800e+01,-2.69322200e+01
fs_lh,27,180,2.5,-8.07088700e+01,-2.56141000e+01
fs_ll,0,180,2.1,-5.43840700e+01,-2.80182900e+01
ff_lh,27,180,2.3,-6.97970800e+01,-2.62708300e+01
tt_hl,85,180,2.5,error,error
sf_hl,27,36000.0,2.3,-7.41310700e+01,-2.80112100e+01
sf_ll,0,36000.0,2.5,error,error
ss_hl,27,36000.0,2.1,-6.90498700e+01,-2.72835600e+01
fs_lh,27,36000.0,2.5,-7.87333300e+01,-2.56651400e+01
fs_ll,0,36000.0,2.1,1.28714700e-04,1.28284800e-04
ff_lh,27,36000.0,2.3,-6.86133500e+01,-2.63671900e+01
tt_hl,85,36000.0,2.5,-5.53893100e+01,-2.66299200e+01
sf_hl,0,18,2.3,-3.41271300e+01,-9.61822700e+00
sf_ll,85,18,2.3,-5.06789300e+01,-2.42445500e+01
ss_hl,0,18,2.1,-7.29144300e+01,-1.91373100e+01
fs_lh,0,18,2.5,-6.05786900e+01,-2.54399600e+01
fs_ll,85,36000.0,2.1,-1.88802000e+01,-2.28602700e+01
ff_lh,0,18,2.3,-5.73192800e+01,-2.55060800e+01
tt_hl,27,18,2.5,error,error
sf_hl,0,180,2.3,-3.41019000e+01,-5.64602200e+00
sf_ll,85,180,2.3,-5.19142100e+01,-2.72106100e+01
ss_hl,0,180,2.1,error,error
fs_lh,0,180,2.5,-6.01725700e+01,-2.62457300e+01
fs_tt,85,180,2.5,-5.41429100e+01,-2.50872400e+01
ff_lh,0,180,2.3,-5.67314800e+01,-2.68499200e+01
tt_hh,0,180,2.1,error,error
sf_hl,0,36000.0,2.3,-3.40862000e+01,-5.19664300e+00
sf_ll,85,36000.0,2.3,-5.22777900e+01,-2.73679900e+01
ss_hl,0,36000.0,2.1,3.38015700e-04,3.36256400e-04
fs_lh,0,36000.0,2.5,-5.99711300e+01,-2.62990000e+01
fs_tt,85,36000.0,2.5,-5.43111100e+01,-2.51345000e+01
ff_lh,0,36000.0,2.3,-5.64886600e+01,-2.69470900e+01
tt_hl,27,36000.0,2.5,-7.44665100e+01,-2.78162100e+01
sf_hl,85,18,2.1,-4.23781800e+01,-1.61298400e+01
sf_ll,27,18,2.3,-7.55980100e+01,-2.62234000e+01
ss_lh,85,18,2.5,-5.27577100e+01,-2.32616700e+01
fs_lh,85,18,2.3,-3.50571600e+01,-4.65517300e+01
fs_tt,27,18,2.5,-7.79395000e+01,-7.82809300e+01
ff_lh,85,18,2.1,-4.77481500e+01,-1.71581300e+01
tt_hl,0,18,2.5,-6.06093000e+01,-2.75097500e+01
sf_hl,85,180,2.1,-4.83632100e+01,-2.64085300e+01
sf_ll,27,180,2.3,-7.92671100e+01,-2.83594000e+01
ss_lh,85,180,2.5,error,error
fs_lh,85,180,2.3,-2.18753400e+01,-3.21282500e+01
fs_tt,27,180,2.5,-8.58462800e+01,-2.65096200e+01
ff_lh,85,180,2.1,-4.96098800e+01,-2.48524200e+01
tt_hl,0,180,2.5,-6.00652700e+01,-2.83313000e+01
sf_hl,85,36000.0,2.1,-4.88010400e+01,-2.67528600e+01
sf_ll,27,36000.0,2.3,-7.46108800e+01,-2.85116200e+01
ss_lh,85,36000.0,2.5,-5.34837600e+01,-2.45283500e+01
fs_lh,85,36000.0,2.3,-1.89657600e+01,-2.30456100e+01
fs_tt,27,36000.0,2.5,-7.87173200e+01,-2.64623400e+01
ff_lh,85,36000.0,2.1,-4.99133300e+01,-2.50933400e+01
tt_hl,0,36000.0,2.5,-6.33997600e+01,-2.84562200e+01
sf_hh,85,18,2.5,-5.47379300e+01,-2.36194100e+01
sf_hl,27,18,2.1,-5.33181100e+01,-1.90029000e+01
sf_ll,0,18,2.3,-3.39669100e+01,-1.04446500e+01
ss_lh,27,18,2.5,-7.89534600e+01,-2.46648700e+01
fs_lh,27,18,2.3,-8.36521500e+01,-2.38654200e+01
fs_tt,0,18,2.5,-6.07153000e+01,-2.62329100e+01
ff_lh,27,18,2.1,-7.80109800e+01,-1.99128900e+01
tt_hl,85,18,2.3,-5.17628500e+01,-2.42680900e+01
sf_hh,85,180,2.5,-5.54677300e+01,-2.47214800e+01
sf_hl,27,180,2.1,-7.03964300e+01,-2.75695900e+01
sf_ll,0,180,2.3,error,error
ss_lh,27,180,2.5,-8.57150200e+01,-2.57108300e+01
fs_lh,27,180,2.3,-7.79965200e+01,-2.54935200e+01
fs_tt,0,180,2.5,-6.03120500e+01,-2.70365500e+01
ff_lh,27,180,2.1,-6.81338900e+01,-2.60340500e+01
tt_hl,27,180,2.5,-7.60507900e+01,-2.77494000e+01
sf_hh,85,36000.0,2.5,-5.57684700e+01,-2.48106400e+01
sf_hl,27,36000.0,2.1,-7.61205400e+01,-2.78995400e+01
sf_ll,0,36000.0,2.3,error,error
ss_lh,27,36000.0,2.5,-8.37066800e+01,-2.58001300e+01
fs_lh,27,36000.0,2.3,-7.57559900e+01,-2.55959800e+01
fs_tt,0,36000.0,2.5,-6.01116700e+01,-2.70896500e+01
ff_lh,27,36000.0,2.1,-6.64677800e+01,-2.62664000e+01
tt_hl,85,36000.0,2.3,-5.27018100e+01,-2.65621900e+01
sf_hh,27,18,2.5,-8.26590000e+01,-2.48980800e+01
sf_hl,0,18,2.1,-1.30958700e+01,-1.19556300e+01
sf_ll,85,18,2.1,-4.01954900e+01,-1.58427800e+01
ss_lh,0,18,2.5,-6.14782800e+01,-2.53329300e+01
fs_lh,0,18,2.3,-5.79738100e+01,-2.45855600e+01
fs_tt,85,18,2.3,-5.11415500e+01,-2.30961700e+01
ff_lh,85,180,2.3,-5.30018000e+01,-2.51085900e+01
tt_hl,85,180,2.3,error,error
sf_hh,27,180,2.5,-7.56995900e+01,-2.58502500e+01
sf_hl,0,180,2.1,-3.14731800e+01,-7.11010300e+00
sf_ll,85,180,2.1,-4.75748800e+01,-2.68565800e+01
ss_lh,0,180,2.5,-6.06726800e+01,-2.63214400e+01
fs_lh,85,36000.0,2.5,-1.89657600e+01,-2.30456100e+01
fs_tt,85,18,2.5,-5.38329600e+01,-2.42041700e+01
ff_lh,0,180,2.1,-9.14140100e+00,-2.03416300e+00
tt_hl,27,180,2.3,-7.44404300e+01,-2.76356200e+01
sf_hh,27,36000.0,2.5,-7.36751200e+01,-2.59363300e+01
sf_hl,0,36000.0,2.1,-1.31006600e+01,-5.59994800e+00
sf_ll,85,36000.0,2.1,-4.80123200e+01,-2.72272500e+01
ss_lh,0,36000.0,2.5,-6.03591300e+01,-2.64121000e+01
fs_lh,0,36000.0,2.3,-5.71995200e+01,-2.62304400e+01
fs_tt,85,36000.0,2.3,-5.17401200e+01,-2.50597300e+01
ff_lh,0,18,2.1,-9.08405300e+00,-5.19092900e+00
tt_hl,27,36000.0,2.3,-7.23886700e+01,-2.77573400e+01
sf_hh,0,18,2.5,-6.10312100e+01,-2.55337100e+01
sf_lh,85,18,2.5,-5.42526200e+01,-2.40790100e+01
sf_ll,27,18,2.1,-5.15420800e+01,-1.91126300e+01
ss_lh,85,18,2.3,-4.93270400e+01,-2.12204200e+01
fs_lh,85,18,2.1,-3.50571600e+01,-4.65517300e+01
fs_tt,85,180,2.3,-5.15563500e+01,-2.49633200e+01
ff_ll,85,18,2.5,-5.51898600e+01,-2.65290800e+01
tt_hl,0,18,2.3,-5.83535200e+01,-2.66106100e+01
sf_hh,0,180,2.5,-1.62399600e+01,-9.11316200e+00
sf_lh,85,180,2.5,-5.49976800e+01,-2.52174300e+01
sf_ll,27,180,2.1,-6.74207300e+01,-2.80485900e+01
ss_lh,85,180,2.3,error,error
fs_lh,0,180,2.3,-5.74200000e+01,-2.61240900e+01
fs_tt,27,180,2.3,-8.58462800e+01,-2.65096200e+01
ff_ll,85,180,2.5,error,error
tt_hl,0,180,2.3,-5.75403800e+01,-2.82178300e+01
sf_hh,0,36000.0,2.5,-1.62183200e+01,-8.15664800e+00
sf_lh,85,36000.0,2.5,-5.53107200e+01,-2.53081600e+01
sf_ll,27,36000.0,2.1,-7.14672900e+01,-2.83906800e+01
ss_lh,85,36000.0,2.3,-5.04378800e+01,-2.44471300e+01
fs_lh,85,36000.0,2.1,-1.89657600e+01,-2.30456100e+01
fs_tt,27,36000.0,2.3,-7.54918500e+01,-2.63958300e+01
ff_ll,85,36000.0,2.5,-5.58538800e+01,-2.74380900e+01
tt_hl,0,36000.0,2.3,-6.33997600e+01,-2.84562200e+01
sf_hh,85,18,2.3,-5.13174700e+01,-2.18741500e+01
sf_lh,27,18,2.5,-8.30354400e+01,-2.53864500e+01
sf_ll,0,18,2.1,-6.75053100e+01,-2.05509400e+01
ss_lh,27,18,2.3,-6.95024400e+01,-2.32781500e+01
fs_lh,27,18,2.1,-6.93515000e+01,-1.83758700e+01
fs_tt,0,18,2.3,-5.80488400e+01,-2.53980900e+01
ff_ll,27,18,2.5,-7.52415000e+01,-2.77789600e+01
tt_hl,27,18,2.3,error,error
sf_hh,85,180,2.3,-5.24984400e+01,-2.45931200e+01
sf_lh,27,180,2.5,-7.54636000e+01,-2.63549400e+01
sf_ll,0,180,2.1,error,error
ss_lh,27,180,2.3,-7.79919000e+01,-2.55704900e+01
fs_lh,27,180,2.1,-7.81492200e+01,-2.52225500e+01
fs_tt,27,18,2.3,-7.79395000e+01,-7.82809300e+01
ff_lh,0,36000.0,2.1,-9.13044900e+00,-1.27028200e+00
tt_hl,85,180,2.1,error,error
sf_hh,85,36000.0,2.3,-5.28533400e+01,-2.47435400e+01
sf_lh,27,36000.0,2.5,-7.33655600e+01,-2.64425400e+01
sf_ll,0,36000.0,2.1,error,error
ss_lh,27,36000.0,2.3,-8.27784600e+01,-2.57266500e+01
fs_lh,27,36000.0,2.1,-7.45802800e+01,-2.54825100e+01
fs_tt,0,36000.0,2.3,-5.73324200e+01,-2.70239100e+01
ff_ll,27,36000.0,2.5,-7.16367900e+01,-2.85919000e+01
tt_hl,85,36000.0,2.1,-4.91893500e+01,-2.64452400e+01
sf_hh,27,18,2.3,-7.70670000e+01,-2.36883700e+01
sf_lh,0,18,2.5,-3.60563700e+01,-7.81524200e+00
sf_tt,85,18,2.5,-5.45077200e+01,-2.48611100e+01
ss_lh,0,18,2.3,error,error
fs_lh,0,18,2.1,-5.60386800e+01,-1.95973700e+01
fs_tt,85,18,2.1,-4.68416400e+01,-1.67118900e+01
ff_ll,27,180,2.5,-7.27081700e+01,-2.85412100e+01
tt_hl,27,18,2.1,error,error
sf_hh,27,180,2.3,-7.78659100e+01,-2.57261400e+01
sf_lh,0,180,2.5,error,error
sf_tt,85,180,2.5,-5.52448500e+01,-2.59856500e+01
ss_lh,0,180,2.3,error,error
fs_lh,0,180,2.1,-5.43829400e+01,-2.58483600e+01
fs_tt,85,180,2.1,-4.82743700e+01,-2.46865100e+01
ff_ll,0,180,2.5,error,error
tt_hl,27,180,2.1,-7.85718400e+01,-2.73719600e+01
sf_hh,27,36000.0,2.3,-7.40197000e+01,-2.58733900e+01
sf_lh,0,36000.0,2.5,error,error
sf_tt,85,36000.0,2.5,-5.55520600e+01,-2.60763400e+01
ss_lh,0,36000.0,2.3,-5.83427300e+01,-2.63394000e+01
ff_ll,0,18,2.5,-5.98859500e+01,-2.83984900e+01
fs_lh,0,36000.0,2.1,-5.41222700e+01,-2.61120100e+01
fs_tt,85,36000.0,2.1,-4.84931800e+01,-2.49321600e+01
tt_hl,85,18,2.1,-4.64910500e+01,-1.73536400e+01
tt_lh,27,18,2.1,-6.28412500e+01,-1.80709100e+01
ff_hh,85,18,2.1,-4.84716100e+01,-1.72418800e+01
fs_hh,85,18,2.3,-5.14385900e+01,-2.19048400e+01
fs_hh,85,180,2.3,-5.18430100e+01,-2.37066300e+01
ff_hh,85,180,2.1,error,error
tt_lh,27,180,2.1,-8.16315900e+01,-2.56905700e+01
fs_hh,85,36000.0,2.3,-5.20272900e+01,-2.38000500e+01
ff_hh,85,36000.0,2.1,-5.04746000e+01,-2.46093400e+01
tt_lh,27,36000.0,2.1,-7.53995300e+01,-2.59785000e+01
fs_hh,27,18,2.3,-8.24621700e+01,-2.34494800e+01
ff_hh,27,18,2.1,-7.92217300e+01,-1.97238600e+01
tt_lh,0,18,2.1,-5.84237600e+01,-1.93979100e+01
fs_hh,27,180,2.3,-7.70897800e+01,-2.50263300e+01
ff_hh,27,180,2.1,-6.82964000e+01,-2.55441600e+01
tt_lh,0,180,2.1,error,error
fs_hh,27,36000.0,2.3,-7.51420300e+01,-2.51258600e+01
ff_hh,27,36000.0,2.1,-6.66982200e+01,-2.57702400e+01
tt_lh,0,36000.0,2.1,error,error
fs_hh,0,18,2.3,-1.25658800e+02,-8.93581200e+01
ff_hh,0,18,2.1,-5.57630200e+01,-2.08768300e+01
tt_ll,85,18,2.5,-5.41939100e+01,-2.60372300e+01
tt_lh,85,18,2.1,-4.55293000e+01,-1.51638900e+01
tt_ll,85,180,2.5,-1.25476600e+02,-6.78332500e+01
fs_hh,0,180,2.3,error,error
ff_hh,0,180,2.1,error,error
tt_ll,85,36000.0,2.5,-5.49039900e+01,-2.71100900e+01
fs_hh,0,36000.0,2.3,-5.74609500e+01,-2.57512000e+01
ff_hh,0,36000.0,2.1,-5.38445300e+01,-2.63453500e+01
tt,0,180,2.1,error,error
tt_ll,27,18,2.5,-8.07119900e+01,-2.73563500e+01
fs_hh,85,18,2.1,-4.72247000e+01,-1.57828800e+01
ff_hl,85,18,2.5,-5.55802500e+01,-2.60582100e+01
tt_ll,27,180,2.5,-7.58348600e+01,-2.82422200e+01
fs_hh,85,180,2.1,-4.86058500e+01,-2.34432700e+01
ff_hl,85,180,2.5,-5.89090600e+01,-2.69809800e+01
tt_ll,27,36000.0,2.5,-7.41923200e+01,-2.83104300e+01
fs_hh,85,36000.0,2.1,-4.88294400e+01,-2.36782900e+01
ff_hl,85,36000.0,2.5,-5.62311600e+01,-2.69420600e+01
fs_hh,27,18,2.1,-7.14786800e+01,-1.82590600e+01
ff_hl,27,18,2.5,-7.59465500e+01,-2.72853700e+01
tt_ll,0,180,2.5,error,error
ff_hl,27,180,2.5,-7.33644200e+01,-2.80363400e+01
fs_hh,27,180,2.1,-7.59311500e+01,-2.47697300e+01
tt_ll,0,18,2.5,-6.03065200e+01,-2.79980100e+01
fs_hh,27,36000.0,2.1,-7.31348500e+01,-2.50173100e+01
ff_hl,27,36000.0,2.5,-7.22811500e+01,-2.80858800e+01
tt_ll,0,36000.0,2.5,-5.95052300e+01,-2.88998400e+01
tt_ll,85,18,2.3,-5.11595700e+01,-2.45799500e+01
fs_hh,0,18,2.1,-5.61531200e+01,-1.93996600e+01
ff_hl,0,18,2.5,-6.02509800e+01,-2.78964200e+01
fs_hh,0,180,2.1,error,error
ff_hh,27,180,2.3,-7.02830000e+01,-2.57703600e+01
tt_ll,85,180,2.3,-1.25476600e+02,-6.78332500e+01
fs_hh,0,36000.0,2.1,-5.43552100e+01,-2.56404500e+01
ff_hl,0,36000.0,2.5,error,error
tt_ll,85,36000.0,2.3,-5.21281700e+01,-2.70365000e+01
tt_ll,27,18,2.3,-8.49006600e+01,-2.63138600e+01
fs_hl,85,18,2.5,-5.40899600e+01,-2.51239100e+01
ff_hl,85,18,2.3,-5.28744600e+01,-2.50822100e+01
tt_ll,27,180,2.3,-7.46901300e+01,-2.81225900e+01
fs_hl,85,180,2.5,-5.43978200e+01,-2.60021800e+01
ff_hl,85,180,2.3,-5.89090600e+01,-2.69809800e+01
fs_hl,85,36000.0,2.5,-5.45664600e+01,-2.60493300e+01
ff_hl,85,36000.0,2.3,-5.37209800e+01,-2.68809800e+01
tt_ll,27,36000.0,2.3,-7.24711300e+01,-2.82471300e+01
tt_ll,0,18,2.3,-5.80990800e+01,-2.70654800e+01
ss_ll,0,36000.0,2.1,error,error
ff_hl,27,18,2.3,-7.39357900e+01,-2.65018200e+01
fs_hl,27,180,2.5,-8.07715600e+01,-2.73153800e+01
ff_hl,27,180,2.3,-7.03314700e+01,-2.79370200e+01
ff_hl,27,36000.0,2.3,-6.91354600e+01,-2.80329000e+01
fs_hl,27,36000.0,2.5,-7.87679900e+01,-2.73662400e+01
