corner,temp,resistor,supply,temp_coeff
tt_hh,85,18,2.1,3.77164346e+01
fs_hh,27,180,2.1,4.24828933e+01
fs_ll,0,180,2.3,5.90437544e+01
tt_hh,85,180,2.1,3.70387144e+01
tt_lh,0,180,2.3,6.40993858e+01
fs_hh,27,36000.0,2.1,4.20967765e+01
fs_ll,0,36000.0,2.3,5.94990672e+01
tt_hh,85,36000.0,2.1,3.66827495e+01
tt_lh,0,36000.0,2.3,6.62789269e+01
fs_hh,85,18,2.5,3.08645574e+01
fs_ll,27,18,2.3,5.70184311e+01
tt_hh,0,18,2.1,3.77164346e+01
tt_lh,27,18,2.3,6.35816307e+01
fs_hh,85,180,2.5,3.06224722e+01
fs_ll,27,180,2.3,5.90437544e+01
tt_hh,0,180,2.1,error
tt_lh,27,180,2.3,6.40993858e+01
fs_hh,85,36000.0,2.5,3.03447034e+01
fs_ll,27,36000.0,2.3,5.94990672e+01
tt_hh,0,36000.0,2.1,error
tt_lh,27,36000.0,2.3,6.62789269e+01
ff_ll,85,180,2.1,4.54897753e+01
fs_hh,0,18,2.5,3.08645574e+01
fs_tt,85,18,2.1,2.92927002e+01
tt_hh,27,18,2.1,3.77164346e+01
tt_ll,85,180,2.1,5.79562535e+01
fs_hh,0,180,2.5,3.06224722e+01
fs_tt,85,180,2.1,2.97817264e+01
tt_hh,27,180,2.1,3.70387144e+01
tt_ll,85,18,2.1,5.69714549e+01
tt_lh,0,18,2.3,6.35816307e+01
tt_ll,85,36000.0,2.1,5.84401072e+01
fs_hh,0,36000.0,2.5,3.03447034e+01
fs_tt,85,36000.0,2.1,2.80200788e+01
tt_hh,27,36000.0,2.1,3.66827495e+01
tt_ll,0,18,2.1,5.69714549e+01
fs_hh,27,18,2.5,3.08645574e+01
fs_tt,0,18,2.1,2.92927002e+01
tt_hh,85,18,2.5,2.65342194e+01
tt_ll,0,180,2.1,error
fs_hh,27,180,2.5,3.06224722e+01
fs_tt,0,180,2.1,2.97817264e+01
tt_hh,85,180,2.5,2.62775520e+01
fs_hh,27,36000.0,2.5,3.03447034e+01
fs_tt,0,36000.0,2.1,2.80200788e+01
tt_hh,85,36000.0,2.5,2.60344992e+01
tt_ll,0,36000.0,2.1,error
fs_hh,85,18,2.3,3.56980263e+01
fs_tt,27,18,2.1,2.92927002e+01
tt_hh,0,18,2.5,2.65342194e+01
tt_ll,27,180,2.1,5.79562535e+01
fs_hh,85,180,2.3,3.53880811e+01
fs_tt,27,180,2.1,2.97817264e+01
tt_hh,0,180,2.5,2.62775520e+01
tt_ll,27,18,2.1,5.69714549e+01
tt_ll,27,36000.0,2.1,5.84401072e+01
fs_hh,85,36000.0,2.3,3.50653400e+01
fs_tt,27,36000.0,2.1,2.80200788e+01
tt_hh,0,36000.0,2.5,2.60344992e+01
tt_ll,85,18,2.5,7.14106308e+01
fs_hh,0,18,2.3,3.56980263e+01
fs_tt,85,18,2.5,3.95295260e+01
tt_hh,27,18,2.5,2.65342194e+01
tt_ll,85,180,2.5,7.18444686e+01
fs_hh,0,180,2.3,3.53880811e+01
fs_tt,85,180,2.5,4.03296127e+01
tt_hh,27,180,2.5,2.62775520e+01
fs_hh,0,36000.0,2.3,3.50653400e+01
fs_tt,85,36000.0,2.5,4.01848172e+01
tt_hh,27,36000.0,2.5,2.60344992e+01
fs_hh,27,18,2.3,3.56980263e+01
fs_tt,0,18,2.5,3.95295260e+01
tt_hh,85,18,2.3,3.09358551e+01
tt_ll,85,36000.0,2.5,7.22721608e+01
tt_ll,0,180,2.5,error
fs_hh,27,180,2.3,3.53880811e+01
fs_tt,0,180,2.5,4.03296127e+01
tt_hh,85,180,2.3,3.05932026e+01
tt_ll,0,18,2.5,7.14106308e+01
tt_ll,0,36000.0,2.5,error
fs_hh,27,36000.0,2.3,3.50653400e+01
fs_tt,0,36000.0,2.5,4.01848172e+01
tt_hh,85,36000.0,2.3,3.03060695e+01
tt_ll,27,18,2.5,7.14106308e+01
fs_hl,85,18,2.1,4.30203846e+01
fs_tt,27,18,2.5,3.95295260e+01
tt_hh,0,18,2.3,3.09358551e+01
fs_hl,85,180,2.1,4.24828945e+01
fs_tt,27,180,2.5,4.03296127e+01
tt_hh,0,180,2.3,3.05932026e+01
fs_hl,85,36000.0,2.1,4.20967793e+01
fs_tt,27,36000.0,2.5,4.01848172e+01
tt_hh,0,36000.0,2.3,error
ss_hh,0,18,2.3,2.73595133e+01
ff_ll,27,18,2.1,4.48549516e+01
ss_hh,0,180,2.3,error
ff_ll,27,180,2.1,4.54897753e+01
fs_ll,0,18,2.3,5.70184311e+01
ss_hh,0,36000.0,2.3,error
ff_ll,27,36000.0,2.1,4.59138020e+01
ss_hh,27,18,2.3,2.73595133e+01
ff_ll,85,18,2.5,5.58134116e+01
ss_hh,27,180,2.3,2.77229467e+01
ff_ll,85,180,2.5,5.61474463e+01
ss_hh,27,36000.0,2.3,2.45871562e+01
ff_ll,85,36000.0,2.5,5.65442046e+01
ss_hl,85,18,2.1,2.75815940e+01
ff_ll,0,18,2.5,5.58134116e+01
ss_hl,85,180,2.1,2.66143651e+01
ff_ll,0,180,2.5,error
ss_hl,85,36000.0,2.1,2.62828770e+01
ff_ll,0,36000.0,2.5,5.65442046e+01
ss_hl,0,18,2.1,2.75815940e+01
ff_ll,27,18,2.5,5.58134116e+01
ss_hl,0,180,2.1,2.66143651e+01
ff_ll,27,180,2.5,5.61474463e+01
ss_hl,0,36000.0,2.1,error
ff_ll,27,36000.0,2.5,5.65442046e+01
ss_hl,27,18,2.1,2.75815940e+01
ff_ll,85,18,2.3,5.11469570e+01
ss_hl,27,180,2.1,2.66143651e+01
ff_ll,85,180,2.3,5.15216126e+01
ss_hl,27,36000.0,2.1,2.62828770e+01
ff_ll,85,36000.0,2.3,5.19428434e+01
ss_hl,85,18,2.5,3.14617859e+01
ff_ll,0,18,2.3,5.11469570e+01
ss_hl,85,180,2.5,2.82487000e+01
ff_ll,0,180,2.3,5.15216126e+01
ss_hl,85,36000.0,2.5,2.85031537e+01
ff_ll,0,36000.0,2.3,5.19428434e+01
ss_hl,0,18,2.5,error
ff_ll,27,18,2.3,5.11469570e+01
ss_hl,0,180,2.5,error
ff_ll,27,180,2.3,5.15216126e+01
ss_hl,0,36000.0,2.5,2.85031537e+01
ff_ll,27,36000.0,2.3,5.19428434e+01
ss_hl,27,18,2.5,3.14617859e+01
ff_tt,85,18,2.1,3.60897412e+01
ss_hl,27,180,2.5,2.82487000e+01
ff_tt,85,180,2.1,3.55969487e+01
ss_hl,27,36000.0,2.5,2.85031537e+01
ff_tt,85,36000.0,2.1,3.52546968e+01
sf_hh,0,18,2.5,2.52404244e+01
sf_lh,27,18,2.1,6.06377213e+01
fs_lh,27,18,2.3,5.70184295e+01
ff_hl,0,18,2.5,4.41626172e+01
sf_hh,0,180,2.5,2.55486199e+01
sf_lh,27,180,2.1,6.27694777e+01
fs_lh,27,180,2.3,5.90437586e+01
ff_hl,0,180,2.5,4.38837906e+01
sf_hh,0,36000.0,2.5,error
sf_lh,27,36000.0,2.1,6.32995434e+01
fs_lh,27,36000.0,2.3,5.94990650e+01
ff_hl,0,36000.0,2.5,4.35754775e+01
sf_hh,27,18,2.5,2.52404244e+01
sf_lh,85,18,2.5,7.45280273e+01
fs_ll,85,18,2.1,5.06815660e+01
ff_hl,27,18,2.5,4.41626172e+01
sf_hh,27,180,2.5,2.55486199e+01
sf_lh,85,180,2.5,7.50724992e+01
fs_ll,85,180,2.1,5.13482112e+01
ff_hl,27,180,2.5,4.38837906e+01
sf_hh,27,36000.0,2.5,2.83811854e+01
sf_lh,85,36000.0,2.5,7.72378786e+01
fs_ll,85,36000.0,2.1,5.00995943e+01
ff_hl,27,36000.0,2.5,4.35754775e+01
sf_hh,85,180,2.5,2.55486199e+01
sf_lh,0,18,2.5,error
fs_ll,0,18,2.1,5.06815660e+01
ff_hl,85,18,2.3,4.90634007e+01
sf_hh,85,180,2.3,2.72134541e+01
sf_lh,0,180,2.5,error
fs_ll,0,180,2.1,error
ff_hl,85,180,2.3,4.87084002e+01
sf_hh,85,36000.0,2.3,2.69363509e+01
sf_lh,0,36000.0,2.5,error
fs_ll,0,36000.0,2.1,5.00984969e+01
ff_hl,85,36000.0,2.3,4.83511869e+01
sf_hh,85,18,2.3,2.76329667e+01
sf_lh,27,18,2.5,7.45280273e+01
fs_ll,27,18,2.1,5.06815660e+01
ff_hl,0,18,2.3,4.90646465e+01
sf_hh,0,180,2.3,error
sf_lh,27,180,2.5,7.50724992e+01
fs_ll,27,180,2.1,5.13482112e+01
ff_hl,0,180,2.3,error
sf_hh,0,36000.0,2.3,error
sf_lh,27,36000.0,2.5,7.72378786e+01
fs_ll,27,36000.0,2.1,5.00995943e+01
ff_hl,0,36000.0,2.3,error
sf_hh,27,18,2.3,2.76329667e+01
sf_lh,85,18,2.3,6.82783015e+01
fs_ll,85,18,2.5,6.46396892e+01
ff_hl,27,18,2.3,4.90634007e+01
sf_hh,27,180,2.3,2.72134541e+01
sf_lh,85,180,2.3,6.89640509e+01
fs_ll,85,180,2.5,6.54928810e+01
ff_hl,27,180,2.3,4.87084002e+01
sf_hh,27,36000.0,2.3,2.69363509e+01
sf_lh,85,36000.0,2.3,7.11769894e+01
fs_ll,85,36000.0,2.5,6.54715408e+01
ff_hl,27,36000.0,2.3,4.83511869e+01
sf_hh,0,18,2.3,error
sf_lh,0,18,2.3,error
fs_ll,0,18,2.5,6.46396892e+01
ff_lh,85,18,2.1,4.48549551e+01
sf_hl,85,180,2.1,3.31553966e+01
sf_lh,0,180,2.3,error
fs_ll,0,180,2.5,6.54928810e+01
ff_lh,85,180,2.1,4.54897766e+01
sf_hl,85,36000.0,2.1,3.27925524e+01
sf_lh,0,36000.0,2.3,error
fs_ll,0,36000.0,2.5,6.54715408e+01
ff_lh,85,36000.0,2.1,4.59138024e+01
sf_hl,0,18,2.1,error
sf_lh,27,18,2.3,6.82783015e+01
fs_ll,27,18,2.5,6.46396892e+01
ff_lh,0,18,2.1,error
sf_hl,0,180,2.1,error
sf_lh,27,180,2.3,6.89640509e+01
fs_ll,27,180,2.5,6.54928810e+01
ff_lh,0,180,2.1,4.54897766e+01
sf_hl,0,36000.0,2.1,error
sf_lh,27,36000.0,2.3,7.11769894e+01
fs_ll,27,36000.0,2.5,6.54715408e+01
ff_lh,0,36000.0,2.1,error
sf_hl,85,18,2.1,3.42878895e+01
sf_ll,85,18,2.1,6.06377207e+01
fs_ll,85,18,2.3,5.70184311e+01
ff_lh,27,18,2.1,4.48549551e+01
sf_hl,27,180,2.1,3.31553966e+01
sf_ll,85,180,2.1,6.27694785e+01
fs_ll,85,180,2.3,5.90437544e+01
ff_lh,27,180,2.1,4.54897766e+01
sf_hl,27,36000.0,2.1,3.27925524e+01
sf_ll,85,36000.0,2.1,6.32995430e+01
fs_ll,85,36000.0,2.3,5.94990672e+01
ff_lh,27,36000.0,2.1,4.59138024e+01
ss_tt,85,18,2.5,5.17230863e+01
fs_hl,0,18,2.1,4.30203846e+01
fs_tt,85,18,2.3,3.30863397e+01
tt,27,180,2.5,4.49967255e+01
ss_tt,85,180,2.5,4.91643587e+01
fs_hl,0,180,2.1,4.24840644e+01
fs_tt,85,180,2.3,3.53851655e+01
tt,0,36000.0,2.5,4.53313893e+01
tt,27,18,2.5,4.46631007e+01
ss_tt,85,36000.0,2.5,4.95132483e+01
fs_hl,0,36000.0,2.1,4.20978098e+01
fs_tt,85,36000.0,2.3,3.57340478e+01
tt,27,36000.0,2.5,4.53313893e+01
tt,85,18,2.3,3.79836621e+01
ss_tt,0,18,2.5,5.17230863e+01
fs_hl,27,18,2.1,4.30203846e+01
fs_tt,0,18,2.3,3.30863397e+01
tt,85,180,2.3,3.83766167e+01
ss_tt,0,180,2.5,4.91643587e+01
fs_hl,27,180,2.1,4.24828945e+01
fs_tt,0,180,2.3,3.53851655e+01
ss_tt,0,36000.0,2.5,4.95132483e+01
fs_hl,27,36000.0,2.1,4.20967793e+01
fs_tt,0,36000.0,2.3,3.57340478e+01
tt,85,36000.0,2.3,4.08546727e+01
tt,0,18,2.3,3.79836621e+01
ss_tt,27,18,2.5,5.17230863e+01
fs_hl,85,18,2.5,3.08645540e+01
fs_tt,27,18,2.3,3.30863397e+01
ss_tt,27,180,2.5,4.91643587e+01
fs_hl,85,180,2.5,3.06224695e+01
fs_tt,27,180,2.3,3.53851655e+01
tt,0,180,2.3,3.83758882e+01
tt,0,36000.0,2.3,4.08546727e+01
ss_tt,27,36000.0,2.5,4.95132483e+01
fs_hl,85,36000.0,2.5,3.03446975e+01
fs_tt,27,36000.0,2.3,3.57340478e+01
ss_tt,85,18,2.3,4.59641357e+01
fs_hl,0,18,2.5,3.08645540e+01
ff_hh,85,18,2.1,5.63360149e+01
tt,27,18,2.3,3.79836621e+01
ss_tt,85,180,2.3,4.64730217e+01
fs_hl,0,180,2.5,3.06224695e+01
ff_hh,85,180,2.1,5.57369927e+01
tt,27,180,2.3,3.83766167e+01
ss_tt,85,36000.0,2.3,4.39672854e+01
fs_hl,0,36000.0,2.5,3.03446975e+01
ff_hh,85,36000.0,2.1,5.53108467e+01
ss_tt,0,18,2.3,4.59641357e+01
fs_hl,27,18,2.5,3.08645540e+01
ff_hh,0,18,2.1,5.63360149e+01
ss_tt,0,180,2.3,4.64730217e+01
fs_hl,27,180,2.5,3.06224695e+01
ff_hh,0,180,2.1,error
fs_hh,27,18,2.1,4.30203853e+01
ss_tt,0,36000.0,2.3,4.39663481e+01
fs_hl,27,36000.0,2.5,3.03446975e+01
ff_hh,0,36000.0,2.1,5.53108467e+01
ss_tt,27,18,2.3,4.59641357e+01
fs_hl,85,18,2.3,3.56980274e+01
ff_hh,27,18,2.1,5.63360149e+01
ss_tt,27,180,2.3,4.64730217e+01
fs_hl,85,180,2.3,3.53880791e+01
ff_hh,27,180,2.1,5.57369927e+01
ss_tt,27,36000.0,2.3,4.39672854e+01
fs_hl,85,36000.0,2.3,3.50653419e+01
ff_hh,27,36000.0,2.1,5.53108467e+01
fs_hh,85,18,2.1,4.30203853e+01
fs_hl,0,18,2.3,3.56980274e+01
ff_hh,85,18,2.5,4.41626208e+01
fs_hh,85,180,2.1,4.24828933e+01
fs_hl,0,180,2.3,3.53880791e+01
ff_hh,85,180,2.5,4.38837902e+01
tt,27,36000.0,2.3,4.08546727e+01
fs_hh,85,36000.0,2.1,4.20967765e+01
fs_hl,0,36000.0,2.3,3.50653419e+01
ff_hh,85,36000.0,2.5,4.35754775e+01
fs_hh,0,18,2.1,4.30203853e+01
fs_hl,27,18,2.3,3.56980274e+01
ff_hh,0,18,2.5,4.41626208e+01
fs_hh,0,180,2.1,4.24840622e+01
fs_hl,27,180,2.3,3.53880791e+01
ff_hh,0,180,2.5,4.38837902e+01
fs_hh,0,36000.0,2.1,error
fs_hl,27,36000.0,2.3,3.50653419e+01
ff_hh,0,36000.0,2.5,4.35754775e+01
ss_lh,27,18,2.5,7.97915560e+01
tt_ll,27,180,2.5,7.18444686e+01
tt_ll,85,180,2.3,6.40993791e+01
ss_lh,27,180,2.5,7.78615229e+01
tt_ll,27,36000.0,2.5,7.22721608e+01
tt_ll,85,36000.0,2.3,6.62789299e+01
ss_lh,27,36000.0,2.5,7.83194583e+01
tt_ll,85,18,2.3,6.35816310e+01
tt_ll,0,18,2.3,6.35816310e+01
ss_lh,85,18,2.3,7.19927812e+01
tt_ll,0,180,2.3,6.40993791e+01
ss_lh,85,180,2.3,7.26787182e+01
ss_lh,85,36000.0,2.3,7.07686223e+01
tt_ll,0,36000.0,2.3,6.62789299e+01
tt_ll,27,18,2.3,6.35816310e+01
ss_lh,0,18,2.3,7.19927812e+01
ss_lh,0,180,2.3,7.26787182e+01
tt_ll,27,180,2.3,6.40993791e+01
ss_lh,0,36000.0,2.3,error
tt_ll,27,36000.0,2.3,6.62789299e+01
ss_lh,27,18,2.3,7.19927812e+01
tt,85,18,2.1,3.39799857e+01
tt,85,180,2.1,3.46986872e+01
ss_lh,27,180,2.3,7.26787182e+01
ss_lh,27,36000.0,2.3,7.07686223e+01
ss_ll,85,18,2.1,5.86278256e+01
tt,0,18,2.1,3.39799857e+01
tt,85,36000.0,2.1,3.50633379e+01
tt,0,180,2.1,3.46986872e+01
ss_ll,85,180,2.1,6.05095380e+01
tt,0,36000.0,2.1,3.50633379e+01
ss_ll,85,36000.0,2.1,6.10324541e+01
ss_ll,0,18,2.1,5.86278256e+01
tt,27,18,2.1,3.39799857e+01
tt,27,180,2.1,3.46986872e+01
ss_ll,0,180,2.1,6.05095824e+01
ss_ll,0,36000.0,2.1,6.10324541e+01
tt,27,36000.0,2.1,3.50633379e+01
ss_ll,27,18,2.1,5.86278256e+01
tt,85,18,2.5,4.46631007e+01
tt,85,180,2.5,4.49967255e+01
ss_ll,27,180,2.1,6.05095380e+01
tt,85,36000.0,2.5,4.53313893e+01
ss_ll,27,36000.0,2.1,6.10324541e+01
tt,0,18,2.5,4.46631007e+01
ss_ll,85,18,2.5,7.97915547e+01
tt,0,180,2.5,4.49967255e+01
ss_ll,85,180,2.5,7.78615279e+01
ss_ll,85,36000.0,2.5,7.83194644e+01
sf_hl,85,18,2.5,2.52404278e+01
sf_tt,85,18,2.1,3.67998350e+01
ff_lh,85,18,2.5,5.58134108e+01
sf_hl,85,180,2.5,2.55486196e+01
sf_tt,85,180,2.1,3.82880330e+01
ff_lh,85,180,2.5,5.61474367e+01
sf_hl,27,18,2.1,3.42878895e+01
sf_tt,85,36000.0,2.1,3.86914571e+01
ff_lh,85,36000.0,2.5,5.65442087e+01
sf_hl,0,18,2.5,2.52404278e+01
sf_tt,0,18,2.1,error
ff_lh,0,18,2.5,5.58134108e+01
sf_hl,0,180,2.5,2.55486196e+01
sf_tt,0,180,2.1,error
ff_lh,0,180,2.5,error
sf_hl,0,36000.0,2.5,error
sf_tt,0,36000.0,2.1,error
ff_lh,0,36000.0,2.5,5.65442087e+01
sf_hl,27,18,2.5,2.52404278e+01
sf_tt,27,18,2.1,3.67998350e+01
ff_lh,27,18,2.5,5.58134108e+01
sf_hl,27,180,2.5,2.55486196e+01
sf_tt,27,180,2.1,3.82880330e+01
ff_lh,27,180,2.5,5.61474367e+01
sf_hl,27,36000.0,2.5,2.83811849e+01
sf_tt,27,36000.0,2.1,3.86914571e+01
ff_lh,27,36000.0,2.5,5.65442087e+01
sf_hl,85,18,2.3,2.76329694e+01
sf_tt,85,18,2.5,4.62088064e+01
ff_lh,85,18,2.3,5.11469496e+01
sf_hl,85,36000.0,2.5,2.83811849e+01
sf_tt,85,180,2.5,4.66276425e+01
ff_lh,85,180,2.3,5.15216161e+01
sf_hl,85,36000.0,2.3,2.69363499e+01
sf_tt,85,36000.0,2.5,4.91016609e+01
ff_lh,85,36000.0,2.3,5.19428475e+01
sf_hl,0,18,2.3,error
sf_tt,0,18,2.5,error
ff_lh,0,18,2.3,5.11469496e+01
sf_hl,0,180,2.3,error
sf_tt,0,180,2.5,error
ff_lh,0,180,2.3,5.15216161e+01
sf_hl,85,180,2.3,2.72134535e+01
sf_tt,0,36000.0,2.5,error
ff_lh,0,36000.0,2.3,5.19428475e+01
sf_hl,27,18,2.3,2.76329694e+01
sf_tt,27,18,2.5,4.62088064e+01
ff_lh,27,18,2.3,5.11469496e+01
sf_hl,27,180,2.3,2.72134535e+01
sf_tt,27,180,2.5,4.66276425e+01
ff_lh,27,180,2.3,5.15216161e+01
sf_hl,27,36000.0,2.3,2.69363499e+01
sf_tt,27,36000.0,2.5,4.91016609e+01
ff_lh,27,36000.0,2.3,5.19428475e+01
sf_lh,85,18,2.1,6.06377213e+01
sf_tt,85,18,2.3,4.15322836e+01
ff_ll,85,18,2.1,4.48549516e+01
sf_lh,85,180,2.1,6.27694777e+01
sf_tt,85,180,2.3,4.20447328e+01
ff_hl,85,18,2.1,5.63360152e+01
sf_lh,85,36000.0,2.1,6.32995434e+01
sf_tt,85,36000.0,2.3,4.45516817e+01
ff_ll,85,36000.0,2.1,4.59138020e+01
sf_lh,0,18,2.1,error
sf_tt,0,18,2.3,error
ff_ll,0,18,2.1,error
sf_lh,0,180,2.1,error
sf_tt,0,180,2.3,error
ff_ll,0,180,2.1,4.54897753e+01
sf_lh,0,36000.0,2.1,error
sf_tt,0,36000.0,2.3,error
ff_ll,0,36000.0,2.1,error
fs_lh,85,18,2.1,5.06815665e+01
sf_tt,27,18,2.3,4.15322836e+01
ff_tt,0,18,2.1,error
ss_hl,85,18,2.3,2.73595082e+01
tt_hh,27,18,2.3,3.09358551e+01
sf_tt,27,180,2.3,4.20447328e+01
ss_hl,85,180,2.3,2.77229497e+01
fs_lh,85,180,2.1,5.13482163e+01
ff_tt,0,180,2.1,error
tt_hh,27,180,2.3,3.05932026e+01
sf_tt,27,36000.0,2.3,4.45516817e+01
ss_hl,85,36000.0,2.3,2.45871519e+01
fs_lh,85,36000.0,2.1,5.00996014e+01
ff_tt,0,36000.0,2.1,3.52555358e+01
tt_hh,27,36000.0,2.3,3.03060695e+01
ss_hh,85,18,2.1,2.75815967e+01
ss_hl,0,18,2.3,2.73595082e+01
fs_lh,0,18,2.1,5.06815665e+01
ff_tt,27,18,2.1,3.60897412e+01
tt_lh,85,18,2.1,5.69714568e+01
ss_hh,85,180,2.1,2.66143652e+01
ss_hl,0,180,2.3,error
fs_lh,0,180,2.1,5.13482151e+01
ff_tt,27,180,2.1,3.55969487e+01
tt_lh,85,180,2.1,5.79562486e+01
ss_hh,85,36000.0,2.1,2.62828766e+01
ss_hl,0,36000.0,2.3,error
fs_lh,0,36000.0,2.1,5.00996014e+01
ff_tt,27,36000.0,2.1,3.52546968e+01
tt_lh,85,36000.0,2.1,5.84401072e+01
ss_hh,0,18,2.1,2.75815967e+01
ss_hl,27,18,2.3,2.73595082e+01
fs_lh,27,18,2.1,5.06815665e+01
ff_tt,85,18,2.5,3.29662874e+01
tt_lh,0,18,2.1,5.69714568e+01
ss_hh,0,180,2.1,2.66143652e+01
ss_hl,27,180,2.3,2.77229497e+01
fs_lh,27,180,2.1,5.13482163e+01
ff_tt,85,180,2.5,3.32223177e+01
tt_lh,0,180,2.1,error
ss_hh,0,36000.0,2.1,error
ss_hl,27,36000.0,2.3,2.45871519e+01
fs_lh,27,36000.0,2.1,5.00996014e+01
ff_tt,85,36000.0,2.5,3.35397557e+01
tt_lh,0,36000.0,2.1,error
ss_hh,27,18,2.1,2.75815967e+01
ss_lh,85,18,2.1,5.86278261e+01
fs_lh,85,18,2.5,6.46396902e+01
ff_tt,0,18,2.5,error
tt_lh,27,18,2.1,5.69714568e+01
ss_hh,27,180,2.1,2.66143652e+01
ss_lh,85,180,2.1,6.05095461e+01
fs_lh,85,180,2.5,6.54928834e+01
ff_tt,0,180,2.5,3.32223177e+01
tt_lh,27,180,2.1,5.79562486e+01
ss_hh,27,36000.0,2.1,2.62828766e+01
ss_lh,85,36000.0,2.1,6.10324600e+01
fs_lh,85,36000.0,2.5,6.54715386e+01
ff_tt,0,36000.0,2.5,3.35397557e+01
tt_lh,27,36000.0,2.1,5.84401072e+01
ss_hh,85,18,2.5,3.14617861e+01
ss_lh,0,18,2.1,5.86278261e+01
fs_lh,0,18,2.5,6.46396902e+01
ff_tt,27,18,2.5,3.29662874e+01
tt_lh,85,18,2.5,7.14106330e+01
sf_hh,85,180,2.1,3.31553977e+01
ss_hh,85,180,2.5,2.82486981e+01
ss_lh,0,180,2.1,error
fs_lh,0,180,2.5,6.54928834e+01
ff_tt,27,180,2.5,3.32223177e+01
tt_lh,85,180,2.5,7.18444677e+01
sf_hh,85,36000.0,2.1,3.27925520e+01
ss_hh,85,36000.0,2.5,2.85031573e+01
ss_lh,0,36000.0,2.1,6.10324600e+01
fs_lh,0,36000.0,2.5,6.54715386e+01
ff_tt,27,36000.0,2.5,3.35397557e+01
tt_lh,85,36000.0,2.5,7.22721594e+01
sf_hh,0,18,2.1,error
ss_hh,0,18,2.5,3.14609983e+01
ss_lh,27,18,2.1,5.86278261e+01
fs_lh,27,18,2.5,6.46396902e+01
ff_tt,85,18,2.3,3.00736931e+01
tt_lh,0,18,2.5,7.14106330e+01
sf_hh,0,180,2.1,error
ss_hh,0,180,2.5,error
ss_lh,27,180,2.1,6.05095461e+01
fs_lh,27,180,2.5,6.54928834e+01
ff_tt,85,180,2.3,2.98317879e+01
tt_lh,0,180,2.5,error
sf_hh,0,36000.0,2.1,error
ss_hh,0,36000.0,2.5,2.85031573e+01
ss_lh,27,36000.0,2.1,6.10324600e+01
fs_lh,27,36000.0,2.5,6.54715386e+01
ff_tt,85,36000.0,2.3,3.01660845e+01
tt_lh,0,36000.0,2.5,7.22708811e+01
sf_hh,27,18,2.1,3.42878876e+01
ss_hh,27,18,2.5,3.14617861e+01
ss_lh,85,18,2.5,7.97915560e+01
fs_lh,85,18,2.3,5.70184295e+01
ff_tt,0,18,2.3,3.00736931e+01
tt_lh,27,18,2.5,7.14106330e+01
sf_hh,27,180,2.1,3.31553977e+01
ss_hh,27,180,2.5,2.82486981e+01
ss_lh,85,180,2.5,7.78615229e+01
fs_lh,85,180,2.3,5.90437586e+01
ff_tt,0,180,2.3,2.98317879e+01
tt_lh,27,180,2.5,7.18444677e+01
sf_hh,27,36000.0,2.1,3.27925520e+01
ss_hh,27,36000.0,2.5,2.85031573e+01
ss_lh,85,36000.0,2.5,7.83194583e+01
fs_lh,85,36000.0,2.3,5.94990650e+01
ff_tt,0,36000.0,2.3,3.01660845e+01
tt_lh,27,36000.0,2.5,7.22721594e+01
sf_hh,85,18,2.5,2.52404244e+01
ss_hh,85,18,2.3,2.73595133e+01
ss_lh,0,18,2.5,7.97915560e+01
fs_lh,0,18,2.3,5.70184295e+01
ff_tt,27,18,2.3,3.00736931e+01
tt_lh,85,18,2.3,6.35816307e+01
sf_hh,85,18,2.1,3.42878876e+01
ss_hh,85,180,2.3,2.77229467e+01
ss_lh,0,180,2.5,7.78615229e+01
fs_lh,0,180,2.3,5.90437586e+01
ff_tt,27,180,2.3,2.98317879e+01
tt_lh,85,180,2.3,6.40993858e+01
sf_hh,85,36000.0,2.5,2.83811854e+01
ss_hh,85,36000.0,2.3,2.45871562e+01
ss_lh,0,36000.0,2.5,7.83194583e+01
fs_lh,0,36000.0,2.3,5.94990650e+01
ff_tt,27,36000.0,2.3,3.01660845e+01
tt_lh,85,36000.0,2.3,6.62789269e+01
sf_ll,0,18,2.1,error
ss_ll,0,18,2.5,7.97915547e+01
ff_hh,27,18,2.5,4.41626208e+01
sf_ll,0,180,2.1,error
ss_ll,0,180,2.5,7.78615279e+01
ff_hh,27,180,2.5,4.38837902e+01
sf_ll,0,36000.0,2.1,error
ss_ll,0,36000.0,2.5,7.83194644e+01
ff_hh,27,36000.0,2.5,4.35754775e+01
sf_ll,27,18,2.1,6.06377207e+01
ss_ll,27,18,2.5,7.97915547e+01
ff_hh,85,18,2.3,4.90633991e+01
sf_ll,27,180,2.1,6.27694785e+01
ss_ll,27,180,2.5,7.78615279e+01
ff_hh,85,180,2.3,4.87084000e+01
sf_ll,27,36000.0,2.1,6.32995430e+01
ss_ll,27,36000.0,2.5,7.83194644e+01
ff_hh,85,36000.0,2.3,4.83511882e+01
sf_ll,85,18,2.5,7.45280280e+01
ss_ll,85,18,2.3,7.19927861e+01
ff_hh,0,18,2.3,4.90646477e+01
sf_ll,85,180,2.5,7.50724972e+01
ss_ll,85,180,2.3,7.26787199e+01
ff_hh,0,180,2.3,error
sf_ll,85,36000.0,2.5,7.72378764e+01
ss_ll,85,36000.0,2.3,7.07686232e+01
ff_hh,0,36000.0,2.3,error
sf_ll,0,18,2.5,error
ss_ll,0,18,2.3,7.19927861e+01
ff_hh,27,18,2.3,4.90633991e+01
sf_ll,0,180,2.5,error
ss_ll,0,180,2.3,7.26787199e+01
ff_hh,27,180,2.3,4.87084000e+01
sf_ll,0,36000.0,2.5,error
ss_ll,0,36000.0,2.3,error
ff_hh,27,36000.0,2.3,4.83511882e+01
sf_hl,0,36000.0,2.3,error
sf_ll,27,18,2.5,7.45280280e+01
ss_ll,27,18,2.3,7.19927861e+01
ff_hl,85,180,2.1,5.57369896e+01
sf_ll,27,180,2.5,7.50724972e+01
ss_ll,27,180,2.3,7.26787199e+01
sf_ll,27,36000.0,2.5,7.72378764e+01
ss_ll,27,36000.0,2.3,7.07686232e+01
ff_hl,85,36000.0,2.1,5.53108472e+01
sf_ll,85,18,2.3,6.82782983e+01
ss_tt,85,18,2.1,3.51623382e+01
ff_hl,0,18,2.1,5.63360152e+01
sf_ll,85,180,2.3,6.89640512e+01
ss_tt,85,180,2.1,3.64741166e+01
ff_hl,0,180,2.1,error
sf_ll,85,36000.0,2.3,7.11769866e+01
ss_tt,85,36000.0,2.1,3.68677839e+01
ff_hl,0,36000.0,2.1,5.53108472e+01
sf_ll,0,18,2.3,error
ss_tt,0,18,2.1,3.51623382e+01
ff_hl,27,18,2.1,5.63360152e+01
ff_hl,27,180,2.1,5.57369896e+01
sf_ll,0,180,2.3,error
ss_tt,0,180,2.1,3.64741166e+01
sf_ll,0,36000.0,2.3,error
ss_tt,0,36000.0,2.1,error
ff_hl,27,36000.0,2.1,5.53108472e+01
sf_ll,27,18,2.3,6.82782983e+01
ss_tt,27,18,2.1,3.51623382e+01
ff_hl,85,18,2.5,4.41626172e+01
ff_hl,85,180,2.5,4.38837906e+01
ss_tt,27,180,2.1,3.64741166e+01
sf_ll,27,180,2.3,6.89640512e+01
ff_hl,85,36000.0,2.5,4.35754775e+01
ss_tt,27,36000.0,2.1,3.68677839e+01
sf_ll,27,36000.0,2.3,7.11769866e+01
